NUMLICDOC	LAWADDRESS	NUMBER	LICENSEFK	ORGNAME	SYS_GUID	DATELICDOC	SCHOOLNAME	SHORTNAME
2114	450091, Республика Башкортостан, г. Уфа, ул. Муксинова, д. 2	1	57BA44B5167760F598A526FFE684CCC3	Федеральная служба по надзору в сфере образования и науки	0239F479E2B57D8FCB7425ACB7C9119A	01.11.2005	федеральное государственное образовательное учреждение высшего профессионального образования «Уфимский юридический институт Министерства внутренних дел Российской Федерации»	
2172	680020, Хабаровский край, г. Хабаровск, пер. Казарменный, д. 15	1	D4E78C53E46148284907118A33AF5A67	Федеральная служба по надзору в сфере образования и науки	D9EA6B3986F710008119C083D6C51CE2	17.11.2005	федеральное государственное образовательное учреждение высшего профессионального образования «Дальневосточный юридический институт Министерства внутренних дел Российской Федерации»	
817-06	426021, Удмуртская Республика, г. Ижевск, городок Машиностроителей, д. 116	1	A65F231BA8BDC12AC72F9796BE33690A	Федеральная служба по надзору в сфере образования и науки	502A7E335EA3FDA153D788544C21F755	07.04.2010	Ижевский филиал федерального государственного образовательного учреждения высшего профессионального образования «Нижегородская академия Министерства внутренних дел Российской Федерации»	
1240-06	677015, Республика Саха (Якутия), г. Якутск, ул. Якутская, д. 2	1	98ECDD28B72981D4296AF1D2D299CCF9	Федеральная служба по надзору в сфере образования и науки	CECC2A55B5DBB140942F6F8619C3F8D3	05.06.2009	Якутский филиал федерального государственного образовательного учреждения высшего профессионального образования «Дальневосточный юридический институт Министерства внутренних дел Российской Федерации»	
817-06	614038, Пермский край, г. Пермь, ул. Академика Веденеева, д. 100	1	C05EFFCEF2C38B31EECBDE4A6E36B39A	Федеральная служба по надзору в сфере образования и науки	D605409EA2C2FA19296ECCF70BDEF4C0	07.04.2010	Пермский филиал федерального государственного образовательного учреждения высшего профессионального образования «Нижегородская академия Министерства внутренних дел Российской Федерации»	
1578	167018,  г. Сыктывкар, ул. Менделеева, д. 4	1	0014570AC9092C41786E9256130EC2E6	Федеральная служба по надзору в сфере образования и науки	8083A425FFE9F85078A29184A4E26589	19.06.2007	Сыктывкарский филиал Государственного образовательного учреждения среднего профессионального образования «Московская специальная средняя школа милиции Министерства внутренних дел Российской Федерации»	
817-06	428000, Чувашская Республика, г. Чебоксары, ул. Шевченко, д. 23	1	F161664452D7EA4C77CA668406FA0553	Федеральная служба по надзору в сфере образования и науки	9906DAEB7B58B84100DDD9B61314C7DC	07.04.2010	Чебоксарский филиал федерального государственного образовательного учреждения высшего профессионального образования «Нижегородская академия Министерства внутренних дел Российской Федерации»	Чебоксарский филиал Нижегородской академии МВД России или ЧФ НА МВД России
1113-06	690087, Приморский край, г. Владивосток, ул. Котельникова, д. 21	1	BD13DBF14BDEFE7F3A6F8D6CAD9FDFE0	Федеральная служба по надзору в сфере образования и науки	EB2FEBB7DF2BB07CB603824DBA35244F	19.05.2009	Владивостокский филиал федерального государственного образовательного учреждения высшего профессионального образования «Дальневосточный юридический институт Министерства внутренних дел Российской Федерации»	
2144	625049, г. Тюмень, ул. Амурская, д. 75	2	16174D508E1D82F63F6370B18FCF0646		9994C4A446D1934B484C7D76C27F2866	04.10.2011	федеральное государственное образовательное учреждение высшего профессионального образования «Тюменский юридический институт Министерства внутренних дел Российской Федерации»	
1751-06	302027, Орловская область, г. Орел, ул. Игнатова, д. 2	1	0CE0BBCDFECDA3C098D4866076F55C93	Федеральная служба по надзору в сфере образования и науки	C9B1D4B8FF3DA157D38CABF2755824BD	02.11.2009	Федеральное государственное образовательное учреждение высшего профессионального образования «Орловский юридический институт Министерства внутренних дел Российской Федерации»	ОрЮИ МВД России
1738-06	390046, Рязанская область, г. Рязань, ул. Введенская, д. 106	1	4DD7907C0BE4740100CF77A9289E354D	Федеральная служба по надзору в сфере образования и науки	CAE143E0CCE54EB20848639779BC2782	29.10.2009	Рязанский филиал федерального государственного образовательного учреждения высшего профессионального образования «Московский университет Министерства внутренних дел Российской Федерации»	
862	640004, г. Курган, ул. Электровозная, д. 23	1	DE1E40DCB0EA5CE1B57F96A0A59693B5	Федеральная служба по надзору в сфере образования и науки	46DB2156E9AE052FB47DF7F141F49789	09.04.2007	Курганский филиал (заочного обучения) государственного образовательного учреждения высшего профессионального образования «Уральский юридический институт Министерства внутренних дел Российской Федерации»	
871	367901, Республика Дагестан, г. Махачкала, пос. Ленинкент, ул. Дахадаева, д. 16б	1	35A0F9A756BFD1E116393F83F5BA2F5D	Федеральная служба по надзору в сфере образования и науки	0C4010DBEB36FD3CCE66A279CC0761C0	09.04.2007	Махачкалинский филиал федерального государственного образовательного учреждения высшего профессионального образования «Краснодарский университет Министерства внутренних дел Российской Федерации»	
1473-06	236006, Калининградская область, г. Калининград, Московский просп., д. 8	1	B0B169E72BB505A67CA07B0CDB7982E5	Федеральная служба по надзору в сфере образования и науки	E3631719B0A99A631EE31A02247C36C0	31.05.2010	федеральное государственное образовательное учреждение высшего профессионального образования «Калининградский юридический институт Министерства внутренних дел Российской Федерации»	
1393	350005, Краснодарский край, г. Краснодар, ул. Ярославская, д. 128	1	4BF2C8F8552F66CB488F7F7FC445D46E	Федеральная служба по надзору в сфере образования и науки	93D909BBF6447550E36A88EDE7D518E9	14.05.2007	федеральное государственное образовательное учреждение высшего профессионального образования «Краснодарский университет Министерства внутренних дел Российской Федерации»	КрУ МВД России
1821	414024, Астраханская область, г. Астрахань, набережная реки Царева/ул. 1-я Контрольная, д. 9/1	1	0A3A277115A1527187A2CC4A906C92B1	Федеральная служба по надзору в сфере образования и науки	EB3B97F367F55CD7BC4F0FDCE64854B4	19.07.2007	Астраханский филиал федерального государственного образовательного учреждения высшего профессионального образования «Краснодарский университет Министерства внутренних дел Российской Федерации»	
2011	443112, Самарская область, г. Самара, ул. имени академика Н.Д. Кузнецова, д. 32	1	4D6C5CD6A7F1534E77875B91A3D0BF7D	Федеральная служба по надзору в сфере образования и науки	4C6E3AEBC1642266B1B20C46255595A9	06.09.2007	Самарский филиал федерального государственного образовательного учреждения высшего профессионального образования «Саратовский юридический институт Министерства внутренних дел Российской Федерации»	
2052	414024, Астраханская область, г. Астрахань, набережная реки Царева/ул. 1-я Контрольная, д. 9/1	2	0A3A277115A1527187A2CC4A906C92B1	Федеральная служба по надзору в сфере образования и науки	75C8F320573D238A4266CDF6F0FE3C85	01.10.2007	Астраханский филиал федерального государственного образовательного учреждения высшего профессионального образования «Краснодарский университет Министерства внутренних дел Российской Федерации»	
2053	369000, Карачаево-Черкесская Республика, г. Черкесск, ул. Крайняя, д. 86	1	3820B8014AEA53EE3B228AAB2BC4761C	Федеральная служба по надзору в сфере образования и науки	AFE857068C53A73C0C8386DBFC467B31	01.10.2007	Черкесский филиал федерального государственного образовательного учреждения высшего профессионального образования «Краснодарский университет Министерства внутренних дел Российской Федерации»	
1892-05	650991, г. Кемерово, ул. Н. Островского, д. 13	1	C23037CFF46B33D4AB1FCA18281B9D9F	Федеральная служба по надзору в сфере образования и науки	17D3A3AB3FDD0923FE3CC7AABC43197D	12.11.2007	Кемеровский филиал государственного образовательного учреждения высшего профессионального образования «Омская академия Министерства внутренних дел Российской Федерации»	
649-06	454081, Челябинская область, г. Челябинск, ул. Либединского, д. 41	1	14FB712AF0542505FA384A27CC5EF540	Федеральная служба по надзору в сфере образования и науки	3BF2DE27CC101AC2440631B6C7129B57	24.03.2010	федеральное государственное образовательное учреждение высшего профессионального образования «Челябинский юридический институт Министерства внутренних дел Российской Федерации»	
496	400089, Волгоградская область, г. Волгоград, ул. Историческая, д. 130	1	A670C2550B276113B5E45109F7E0F8A6	Федеральная служба по надзору в сфере образования и науки	EEB7588899C2A4C3C4FF5B9495344AA8	12.03.2008	федеральное государственное образовательное учреждение высшего профессионального образования «Волгоградская академия Министерства внутренних дел Российской Федерации»	ФГОУ ВПО «Волгоградская академия МВД России»
2054	344015, Ростовская область, г. Ростов-на-Дону, ул. Маршала Еременко, д. 83	1	F16FC6275EBFF9FD686F216B0A33F218	Федеральная служба по надзору в сфере образования и науки	5B7755FA71A24EB17E40A510DD0FA722	05.11.2008	федеральное государственное образовательное учреждение высшего профессионального образования «Ростовский юридический институт Министерства внутренних дел Российской Федерации»	
262	367901, Республика Дагестан, г. Махачкала, пос. Ленинкент, ул. Дахадаева, д. 16б	2	35A0F9A756BFD1E116393F83F5BA2F5D	Федеральная служба по надзору в сфере образования и науки	8AC0B24FE26A285C01BC6DDDF6BB9593	07.02.2008	Махачкалинский филиал федерального государственного образовательного учреждения высшего профессионального образования «Краснодарский университет Министерства внутренних дел Российской Федерации»	
410	129329, г. Москва, ул. Кольская, д. 2	1	10458FB445C383651CCE1467C5EF2393	Федеральная служба по надзору в сфере образования и науки	BBEEFB850B4635D3F4D568E36B1FE02D	28.02.2008	федеральное государственное образовательное учреждение высшего профессионального образования «Академия экономической безопасности Министерства внутренних дел Российской Федерации»	
1936-06	394065, Воронежская область, г. Воронеж, просп. Патриотов, д. 53	1	051A9B1D12CFA1B314E4D1B6B39F9427	Федеральная служба по надзору в сфере образования и науки	5FD2F2FD026282BD17BEDDC843A358E4	02.12.2009	федеральное государственное образовательное учреждение высшего профессионального образования «Воронежский институт Министерства внутренних дел Российской Федерации»	
797	440014, г. Пенза, ул. Ботаническая, д. 19	1	4CCCBAC5E3E9F74DC62D78B0D2E3CB06	Федеральная служба по надзору в сфере образования и науки	2ABFE7121160764692AB21F7DC042E0B	09.04.2008	Пензенский филиал заочного обучения федерального государственного образовательного учреждения высшего профессионального образования «Саратовский юридический институт Министерства внутренних дел Российской Федерации»	
1058	460040, Оренбургская область, г. Оренбург, просп. Гагарина, д. 21	1	65B4352496FE41FA624FF450EECD4D1A	Федеральная служба по надзору в сфере образования и науки	7C28A31BAF78D80DC4FACB0779320EA1	19.05.2008	Оренбургский филиал (заочного обучения) государственного образовательного учреждения высшего профессионального образования «Уфимский юридический институт Министерства внутренних дел Российской Федерации»	
1216	692502, Приморский край, г. Уссурийск, ул. Охотничья, д. 1а	1	22D4131843A9C8868E7DDFF38DA0402E	Федеральная служба по надзору в сфере образования и науки	516C641EFD231CC6A958F059A93A5797	03.06.2008	Уссурийский филиал федерального государственного образовательного учреждения высшего профессионального образования «Дальневосточный юридический институт Министерства внутренних дел Российской Федерации»	
1989-06	625049, Тюменская область, г. Тюмень, ул. Амурская, д. 75	1	16174D508E1D82F63F6370B18FCF0646	Федеральная служба по надзору в сфере образования и науки	587633789931D6A7F78DC7D6DEF788B5	10.12.2009	федеральное государственное образовательное учреждение высшего профессионального образования «Тюменский юридический институт Министерства внутренних дел Российской Федерации»	
30	443112, Самарская область, г. Самара, ул. имени академика Н.Д. Кузнецова, д. 32	2	4D6C5CD6A7F1534E77875B91A3D0BF7D	Федеральная служба по надзору в сфере образования и науки	6F35EC58E20CFD69EAF9EFC83ADD9F37	21.12.1994	Самарский филиал федерального государственного образовательного учреждения высшего профессионального образования «Саратовский юридический институт Министерства внутренних дел Российской Федерации»	
30	369000, Карачаево-Черкесская Республика, г. Черкесск, ул. Крайняя, д. 86	2	3820B8014AEA53EE3B228AAB2BC4761C	Федеральная служба по надзору в сфере образования и науки	A45BEAED1E952256DFCEBE78BEC8AA84	21.12.1994	Черкесский филиал федерального государственного образовательного учреждения высшего профессионального образования «Краснодарский университет Министерства внутренних дел Российской Федерации»	
1448	670002, Республика Бурятия, г. Улан-Удэ, ул. Лимонова, д. 5б	1	D3694269E5BA351B1219FD4671774A68	Федеральная служба по надзору в сфере образования и науки	A53CEF881A00204025BF3732E5C8F202	30.06.2008	Улан-Удэнский филиал заочного обучения федерального государственного образовательного учреждения высшего профессионального образования «Восточно-Сибирский институт Министерства внутренних дел Российской Федерации»	
1832	692502, Приморский край, г. Уссурийск, ул. Охотничья, д. 1а	2	22D4131843A9C8868E7DDFF38DA0402E	Федеральная служба по надзору в сфере образования и науки	6332EBFBDD6FFECE578CC09E430D60EE	10.09.2008	Уссурийский филиал федерального государственного образовательного учреждения высшего профессионального образования «Дальневосточный юридический институт Министерства внутренних дел Российской Федерации»	
799-06	603600, Нижегородская область, г. Нижний Новгород, ГСП-268, Анкудиновское шоссе, д. 3	1	D28BB1BDCD584D80FDD08C66FD5BE985	Федеральная служба по надзору в сфере образования и науки	4DB131B7BD6882EE6340E2162C9DC708	06.04.2010	федеральное государственное образовательное учреждение высшего профессионального образования «Нижегородская академия Министерства внутренних дел Российской Федерации»	Нижегородская академия МВД России или НА МВД России
1848-05	622005, Свердловская область, г. Нижний Тагил, ул. Металлургов, д. 15	1	60561F075C45375E262E52B2110ABC69	Федеральная служба по надзору в сфере образования и науки	84E0C9A52DEC0E9B675179ED56D3DE63	05.11.2008	государственное образовательное учреждение среднего профессионального образования Нижнетагильская специальная средняя школа милиции Министерства внутренних дел Российской Федерации»»	
1960-05	423600, Республика Татарстан, г. Елабуга, п/я 1097, ул. Б. Покровская, д. 25	1	4F997B062A54BC37F1E1C193BDE2B1C5	Федеральная служба по надзору в сфере образования и науки	54662650846CC6210C2750145AD19F76	20.11.2008	Елабужский филиал государственного образовательного учреждения высшего профессионального образования «Казанский юридический институт Министерства внутренних дел Российской Федерации»	
30	350005, Краснодарский край, г. Краснодар, ул. Ярославская, д. 128	2	4BF2C8F8552F66CB488F7F7FC445D46E	Федеральная служба по надзору в сфере образования и науки	A845386CA8E8DBA7E60C2E47F1941C84	21.12.1994	федеральное государственное образовательное учреждение высшего профессионального образования «Краснодарский университет Министерства внутренних дел Российской Федерации»	КрУ МВД России
2273	410034, Саратовская область, г. Саратов, ул. Соколовая, д. 339	1	EB0A24836C3E67F512461F729F53BB6B	Федеральная служба по надзору в сфере образования и науки	BCAEA8899311B43D46256CB9A7F81C6D	29.12.2008	федеральное государственное образовательное учреждение высшего профессионального образования «Саратовский юридический институт Министерства внутренних дел Российской Федерации»	
7	163039, г. Архангельск, ул. Вторая линия, д. 9	1	0999E89E7A786D69002FFB27114B274F	Федеральная служба по надзору в сфере образования и науки	9B90ACBEF3DB990A583B6EC52CCDD55E	11.01.2009	Архангельский филиал государственного образовательного учреждения высшего профессионального образования «Санкт-Петербургский университет Министерства внутренних дел Российской Федерации»	
579-06	410023, Саратовская область, г. Саратов, ул. Московская, д. 158	1	4AFD79767074F80504C46694CA1284CB	Федеральная служба по надзору в сфере образования и науки	9E89B059A1CCD7A1471DDCBD501DB6B4	16.03.2010	федеральное государственное военное образовательное учреждение высшего профессионального образования «Саратовский военный институт внутренних войск Министерства внутренних дел Российской Федерации»	
1617-05	672030, Читинская область, г. Чита, ул. Труда, д. 16	1	1B8BCB56599BBA2ED991AF2ACF663624	Федеральная служба по надзору в сфере образования и науки	69B8525CA8EDE5C394829A7C6EF1F46C	29.09.2008	Читинский филиал федерального государственного образовательного учреждения высшего профессионального образования «Восточно-Сибирский институт Министерства внутренних дел Российской Федерации»	
1738-06	214034, Смоленская область, г. Смоленск, ул. Куйбышева, д. 11	1	4468E9119D4E0E63A7C5B9799594B8D0	Федеральная служба по надзору в сфере образования и науки	2197A29DDA9DEDB1A0764DBC179A84BE	29.10.2009	Смоленский филиал федерального государственного образовательного учреждения высшего профессионального образования «Московский университет Министерства внутренних дел Российской Федерации»	
439	630114, Новосибирская область, г. Новосибирск, ул. Ключ-Камышенское плато, д. 6/2	1	A0DF20E2F490D6A69A41C0DEF1243E7F	Федеральная служба по надзору в сфере образования и науки	F669BE533B4AD9563CE6D9F75182F2C9	02.03.2009	федеральное государственное военное образовательное учреждение высшего профессионального образования «Новосибирский военный институт внутренних войск имени генерала армии И.К. Яковлева Министерства внутренних дел Российской Федерации»	
1753-06	305018, Курская область, г. Курск, ул. Народная, д. 11	1	9CCE6BE3ABC3A5DDA7A6B9576B593224	Федеральная служба по надзору в сфере образования и науки	3FF74C4E585BEEC10FC5565988260EAD	02.11.2009	Курский филиал федерального государственного образовательного учреждения высшего профессионального образования «Орловский юридический институт Министерства внутренних дел Российской Федерации»	
579	353911, Краснодарский край, г. Новороссийск, Сухумийское шоссе, д. 12 км	1	EF9B5484ECF09A92953B1714F7062DAF	Федеральная служба по надзору в сфере образования и науки	621BE2ED5875487E0EC5195DCAB4CBC6	23.03.2009	Новороссийский филиал федерального государственного образовательного учреждения высшего профессионального образования «Краснодарский университет Министерства внутренних дел Российской Федерации»	
602-06	125171, г. Москва, ул. Зои и Александра Космодемьянских, д. 8	1	302F0C0FBF0BF15CD019B2C95A8DEFD7	Федеральная служба по надзору в сфере образования и науки	195C30E8EEE6635DE2FB250E4F2F402C	22.03.2010	федеральное государственное образовательное учреждение высшего профессионального образования «Академия управления Министерства внутренних дел Российской Федерации»	
718	350005, Краснодарский край, г. Краснодар, ул. Ярославская, д. 128	3	4BF2C8F8552F66CB488F7F7FC445D46E	Федеральная служба по надзору в сфере образования и науки	317C44D59704D9D8CA8D3A89B7C618E5	30.03.2009	федеральное государственное образовательное учреждение высшего профессионального образования «Краснодарский университет Министерства внутренних дел Российской Федерации»	КрУ МВД России
1738-06	143100, Московская область, Рузский район, пос. Старотеряево	1	E55EE0478149A9EA44624F01CFEA0417	Федеральная служба по надзору в сфере образования и науки	8CFCF7CDECA17FD43636FE990AD0343F	29.10.2009	Московский областной филиал федерального государственного образовательного учреждения высшего профессионального образования «Московский университет Министерства внутренних дел Российской Федерации»	
542	693022, Сахалинская область, г. Южно-Сахалинск, планировочный район Ново-Александровск, ул. Науки, д. 1б	1	246A14EB93470976B659AA1FD11028CC	Федеральная служба по надзору в сфере образования и науки	FF7E3C0B2806E5B7C92F7ACFA7B00FB0	17.03.2009	Южно-Сахалинский филиал федерального государственного образовательного учреждения высшего профессионального образования «Дальневосточный юридический институт Министерства внутренних дел Российской Федерации»	
1738-06	392008, Тамбовская область, г. Тамбов, ул. Советская, д. 187г	1	5E519EAB324BA732D13475929B6F77B8	Федеральная служба по надзору в сфере образования и науки	7C028C6E6895BD61B3A1832DCCEC02D5	29.10.2009	Тамбовский филиал федерального государственного образовательного учреждения высшего профессионального образования «Московский университет Министерства внутренних дел Российской Федерации»	
1225	198206, г. Санкт-Петербург, г. Санкт-Петербург, ул. Летчика Пилютова, д. 1	1	50EDBAF37B7340122769838C5E483616	Федеральная служба по надзору в сфере образования и науки	0E7EC989E134BE658BA9F06EACD80512	08.06.2009	федеральное государственное военное образовательное учреждение высшего профессионального образования «Санкт-Петербургский военный институт внутренних войск Министерства внутренних дел Российской Федерации»	
1854-06	660131, Красноярский край, г. Красноярск, ул. Рокоссовского, д. 20	1	6C470410F78DC0C30FFF55389DE05A4F	Федеральная служба по надзору в сфере образования и науки	85263A23BFFEA77A472CF746CFB98659	24.11.2009	федеральное государственное образовательное учреждение высшего профессионального образования «Сибирский юридический институт Министерства внутренних дел Российской Федерации (г. Красноярск)»	
30	693022, Сахалинская область, г. Южно-Сахалинск, планировочный район Ново-Александровск, ул. Науки, д. 1б	2	246A14EB93470976B659AA1FD11028CC	Федеральная служба по надзору в сфере образования и науки	3F38F920FC3E9E257462091E91B15842	21.12.1994	Южно-Сахалинский филиал федерального государственного образовательного учреждения высшего профессионального образования «Дальневосточный юридический институт Министерства внутренних дел Российской Федерации»	
539	453850, Республика Башкортостан, г. Мелеуз, пл. ЗСМ, д. 8	1	0ADACD5D6B673B6D880DE5AB0BD0E4AC	Федеральная служба по надзору в сфере образования и науки	B7957753E941B89B0DEF483B7FD9F08F	17.03.2009	филиал федерального государственного образовательного учреждения высшего профессионального образования Уфимский юридический институт Министерства внутренних дел Российской Федерации» в городе Мелеузе»	
1459-06	123995, Москва, Г-69 ГСП-5, ул. Поварская, д. 25	1	72412A066230B0D8CC69DE29BA498092	Федеральная служба по надзору в сфере образования и науки	19CE33B63D4DE3496918DC0742384EA2	31.05.2010	федеральное государственное казенное учреждение  «Всероссийский научно-исследовательский институт Министерства внутренних дел Российской Федерации»	ФГКУ «ВНИИ МВД России»
1016-06	362005, Республика Северная Осетия-Алания, г. Владикавказ, просп. Мира, д. 2	1	8503EB75EB71E542D4D160498F34EC06	Федеральная служба по надзору в сфере образования и науки	68CE4745E974F38212CEBC59DFBC9915	27.04.2010	федеральное государственное военное образовательное учреждение высшего профессионального образования «Северо-Кавказский военный институт внутренних войск Министерства внутренних дел Российской Федерации»	
1323-06	614112, Пермский край, г. Пермь, ул. Гремячий Лог, д. 1	1	1B3811EAC73936F0715AB82E9795E202	Федеральная служба по надзору в сфере образования и науки	93976DEA9B1EDA3DE7DED9FCEC7CA29C	19.05.2010	федеральное государственное военное образовательное учреждение высшего профессионального образования «Пермский военный институт внутренних войск Министерства внутренних дел Российской Федерации»	
1738-06	117437, г. Москва, ул. Академика Волгина, д. 12	1	4F8C1022BDFDDB13F226593C8923602B	Федеральная служба по надзору в сфере образования и науки	CC5AC2F71871D0D036E0EFF56072743E	29.10.2009	федеральное государственное образовательное учреждение высшего профессионального образования «Московский университет Министерства внутренних дел Российской Федерации»	
1752-06	644092, Омская область, г. Омск, просп. Комарова, д. 7	1	30ACB53EDAA056FBB0CA01681CFE91F5	Федеральная служба по надзору в сфере образования и науки	E5F9598D471CAAE96538235C9DFF190B	02.11.2009	федеральное государственное образовательное учреждение высшего профессионального образования «Омская академия Министерства внутренних дел Российской Федерации»	
999-06	630049, Новосибирская область, г. Новосибирск, ул. Дмитрия Донского, д. 10	1	DCFAB87A06E833573CA59368B68888D7	Федеральная служба по надзору в сфере образования и науки	BD13648EB09CC372304746A2068BC7F2	27.04.2010	Новосибирский филиал федерального государственного образовательного учреждения высшего профессионального образования «Барнаульский юридический институт Министерства внутренних дел Российской Федерации»	
479	302027, г. Орел, ул. Игнатова, д. 2	1.5	A31806E56DED73217B5779BF6E3D6D87	Федеральная служба по надзору в сфере образования и науки	3DBF103E05684BD60A0AFF2BE29F46BF	18.04.2012	федеральное государственное казенное образовательное учреждение высшего профессионального образования «Орловский юридический институт Министерства внутренних дел Российской Федерации»	Орловский юридический институт МВД России
936-06	420108, Республика Татарстан, г. Казань, ул. Магистральная, д. 35	1	18FB45F46BAE2552AEF92D8A85D1BEC1	Федеральная служба по надзору в сфере образования и науки	BAD8C9B9F51F5D3BF21AD91EBD0B96DC	20.04.2010	федеральное государственное образовательное учреждение высшего профессионального образования «Казанский юридический институт Министерства внутренних дел Российской Федерации»	
2159	170040, Тверская область, г. Тверь, ул. Кривичская, д. 12	1	4A04CAC90ACF6ADEF6A75AA30AE31B31	Федеральная служба по надзору в сфере образования и науки	8B8C68B06534DDCBF1479755C105D006	09.11.2009	Тверской филиал федерального государственного образовательного учреждения высшего профессионального образования «Московский университет Министерства внутренних дел Российской Федерации»	
1254-06	620057, Свердловская область, г. Екатеринбург, ул. Корепина, д. 66	1	7B09249CBFBC986DE226B2D342013A23	Федеральная служба по надзору в сфере образования и науки	D6E88D1A5E96225956FD31272A26299A	18.05.2010	федеральное государственное образовательное учреждение высшего профессионального образования «Уральский юридический институт Министерства внутренних дел Российской Федерации»	
2253	241050, Брянская область, г. Брянск, 2-й Советский пер., д. 2а	1	0976F5F7176AAFE5937A7DFA20C464BB	Федеральная служба по надзору в сфере образования и науки	605A94DFA8757C44C39433AE66B90914	30.11.2009	Брянский филиал федерального государственного образовательного учреждения высшего профессионального образования «Московский университет Министерства внутренних дел Российской Федерации»	
651-06	198206, г. Санкт-Петербург, ул. Летчика Пилютова, д. 1	1	67A06F5EA127EB7E3ED9616E2D3C848A	Федеральная служба по надзору в сфере образования и науки	257EE698509B5B5F360F75B694DA4B18	24.03.2010	федеральное государственное образовательное учреждение высшего профессионального образования «Санкт-Петербургский университет Министерства внутренних дел Российской Федерации»	
999-06	656038, Алтайский край, г. Барнаул, ул. Чкалова, д. 49	1	984B415EF64863852D71850DB4953A58	Федеральная служба по надзору в сфере образования и науки	B803474786E4A939EA9FF4BBBF2A7E64	27.04.2010	федеральное государственное образовательное учреждение высшего профессионального образования «Барнаульский юридический институт Министерства внутренних дел Российской Федерации»	
3874-06	198206, г. Санкт-Петербург, ул. Летчика Пилютова, д. 1	1.1	0280EDD234FAE811DCE8B7C833EDFBA4	Федеральная служба по надзору в сфере образования и науки	B638C74859534CBD9038B9514CB63E42	16.10.2012	федеральное государственное казенное  образовательное учреждение высшего профессионального образования «Санкт-Петербургский университет Министерства внутренних дел Российской Федерации»	Санкт-Петербургский университет МВД России, ФГКОУ ВПО СПбУ МВД России
392	398017, Липецкая область, г. Липецк, ул. Гришина, д. 7а	1	FD6D5E08D9EF0CA00964F6F02FDA3215	Федеральная служба по надзору в сфере образования и науки	568A985C68F866BAB654C77349E36124	24.02.2010	Липецкий филиал федерального государственного образовательного учреждения высшего профессионального образования «Воронежский институт Министерства внутренних дел Российской Федерации»	
442	355000, Ставропольский край, г. Ставрополь, проспект Кулакова, 43	1	753CBC3C1E9FCC15FCDC6517DCC29F6E	Федеральная служба по надзору в сфере образования и науки	913D14CC43C1CF4F616D5515212351EA	03.03.2010	Ставропольский филиал федерального государственного образовательного учреждения высшего профессионального образования  «Краснодарский университет Министерства внутренних дел Российской Федерации»	
441	360016, Кабардино-Балкарская Республика, г. Нальчик, ул. Т. Мальбахова, д. 123	1	EBF00AD5DEE57BBE62E8A8C5E1F9A849	Федеральная служба по надзору в сфере образования и науки	86C9FC74F29F33009CCF391D558D5EF8	03.03.2010	Нальчикский филиал федерального государственного образовательного учреждения высшего профессионального образования «Краснодарский университет Министерства внутренних дел Российской Федерации»	
422	300041, Тульская область, г. Тула, просп. Ленина, д. 53	1	091C58F49B5729C29DFCCB86006D3D32	Федеральная служба по надзору в сфере образования и науки	17BAD53AAA0AA38CED2F466D12844ED3	27.02.2010	Тульский филиал федерального государственного образовательного учреждения высшего профессионального образования «Московский университет Министерства внутренних дел Российской Федерации»	
475	453002, Республика Башкортостан, Кармаскалинский район, поселок сельского типа Ляхово	1	8BE6660B402235A8514F120036F05107	Федеральная служба по надзору в сфере образования и науки	30D2DAF74347B7748FC166B8C23EA8CF	15.03.2010	государственное образовательное учреждение дополнительного профессионального образования «Уфимская школа по подготовке специалистов-кинологов Министерства внутренних дел Российской Федерации»	
854	630114, Новосибирская область, г. Новосибирск, ул. Ключ-Камышенское плато, д. 6/2	2	A0DF20E2F490D6A69A41C0DEF1243E7F	Федеральная служба по надзору в сфере образования и науки	D29A3AA929BECF4B18544A974B208A8D	08.04.2010	федеральное государственное военное образовательное учреждение высшего профессионального образования «Новосибирский военный институт внутренних войск имени генерала армии И.К. Яковлева Министерства внутренних дел Российской Федерации»	
96	664074, Иркутская область, г. Иркутск, ул. Лермонтова, д. 110	1	4469E0C4AA63350F1C34D3F4043E557F	Федеральная служба по надзору в сфере образования и науки	509F09C9A73E913B98AFE73954276281	19.01.2010	федеральное государственное образовательное учреждение высшего профессионального образования «Восточно-Сибирский институт Министерства внутренних дел Российской Федерации»	
1264	394065, Воронежская область, г. Воронеж, просп. Патриотов, д. 53	2	051A9B1D12CFA1B314E4D1B6B39F9427	Федеральная служба по надзору в сфере образования и науки	F902C9D25BA752698DD8B3A1A485E9F7	24.05.2010	федеральное государственное образовательное учреждение высшего профессионального образования «Воронежский институт Министерства внутренних дел Российской Федерации»	
1265	125171, г. Москва, ул. Зои и Александра Космодемьянских, д. 8	2	302F0C0FBF0BF15CD019B2C95A8DEFD7	Федеральная служба по надзору в сфере образования и науки	3E6392998AA16438BE6B3B868E0B6FA4	24.05.2010	федеральное государственное образовательное учреждение высшего профессионального образования «Академия управления Министерства внутренних дел Российской Федерации»	
1370	350005, Краснодарский край, г. Краснодар, ул. Ярославская, д. 128	4	4BF2C8F8552F66CB488F7F7FC445D46E	Федеральная служба по надзору в сфере образования и науки	076B79681C1455B37F676D67ACA13F47	31.05.2010	федеральное государственное образовательное учреждение высшего профессионального образования «Краснодарский университет Министерства внутренних дел Российской Федерации»	КрУ МВД России
1629	692502, Приморский край, г. Уссурийск, ул. Охотничья, д. 1а	3	22D4131843A9C8868E7DDFF38DA0402E	Федеральная служба по надзору в сфере образования и науки	8831844DD5744991811D49FB401EA23F	03.06.2010	Уссурийский филиал федерального государственного образовательного учреждения высшего профессионального образования «Дальневосточный юридический институт Министерства внутренних дел Российской Федерации»	
2189-06	350005, Краснодарский край, г. Краснодар, ул. Ярославская, д. 128	9	4BF2C8F8552F66CB488F7F7FC445D46E	Федеральная служба по надзору в сфере образования и науки	848EBAE38592176409740B088760C7E1	06.07.2011	федеральное государственное образовательное учреждение высшего профессионального образования «Краснодарский университет Министерства внутренних дел Российской Федерации»	КрУ МВД России
340	680020, Хабаровский край, г. Хабаровск, пер. Казарменный, д. 15	1.1	B4B2A9BC4145FB560F2B49E01DEA4AE0	Федеральная служба по надзору в сфере образования и науки	84FBA03ECB0BD7C1ED04CAB4478152AF	11.02.2011	федеральное государственное казенное образовательное учреждение высшего профессионального образования «Дальневосточный юридический институт Министерства внутренних дел Российской Федерации»	
340	690087, г. Владивосток, ул. Котельникова, д. 21	2.1	B4B2A9BC4145FB560F2B49E01DEA4AE0	Федеральная служба по надзору в сфере образования и науки	67EFD846BD9A364E4F105F7864661AB7	11.02.2011	Владивостокский филиал федерального государственного образовательного учреждения высшего профессионального образования «Дальневосточный юридический институт Министерства внутренних дел Российской Федерации»	
340	693022,  Сахалинская область, г. Южно-Сахалинск, пл. р-н Ново-Александровск, ул. Науки, 1 «б»	3.1	B4B2A9BC4145FB560F2B49E01DEA4AE0	Федеральная служба по надзору в сфере образования и науки	3109A45D98D4C7415D22D22291D0061A	11.02.2011	Южно-Сахалинский филиал федерального государственного образовательного учреждения высшего профессионального образования «Дальневосточный юридический институт Министерства внутренних дел Российской Федерации»	
578	677015, Республика Саха (Якутия), г. Якутск, ул. Якутская, д. 2	4.1	B4B2A9BC4145FB560F2B49E01DEA4AE0	Федеральная служба по надзору в сфере образования и науки	19C97A7A6D99178547E8CEB541CCCD2B	10.03.2011	Якутский филиал федерального государственного образовательного учреждения высшего профессионального образования «Дальневосточный юридический институт Министерства внутренних дел Российской Федерации»	
2108-06	308034, г. Белгород, ул. Горького, д. 71	1.1	7A0F14A906D66F9E65C93A8747DCF651	Федеральная служба по надзору в сфере образования и науки	14E8F56DDED1A62ECD67C205CEE9ECB6	22.07.2010	Государственное образовательное учреждение высшего профессионального образования «Белгородский юридический институт Министерства внутренних дел  Российской Федерации»	Белгородский юридический институт МВД России
2112	350005, Краснодарский край, г. Краснодар, ул. Ярославская, д. 128	5	4BF2C8F8552F66CB488F7F7FC445D46E	Федеральная служба по надзору в сфере образования и науки	155142CB71838A3D6328238A5FA2B597	22.07.2010	федеральное государственное образовательное учреждение высшего профессионального образования «Краснодарский университет Министерства внутренних дел Российской Федерации»	
2277	644092, Омская область, г. Омск, просп. Комарова, д. 7	2	30ACB53EDAA056FBB0CA01681CFE91F5	Федеральная служба по надзору в сфере образования и науки	A1ED3195CAD8AE2E7AA0B8B3824C3705	30.08.2010	федеральное государственное образовательное учреждение высшего профессионального образования «Омская академия Министерства внутренних дел Российской Федерации»	
2143-06	630114, Новосибирская область, г. Новосибирск, ул. Ключ-Камышенское плато, д. 6/2	1.1	083BBD2AFF2D941E39A8B6B9AB9BA59D	Федеральная служба по надзору в сфере образования и науки	93992DB73B51112A4B1F98CD65C96C58	12.08.2010	федеральное государственное военное образовательное учреждение высшего профессионального образования «Новосибирский военный институт внутренних войск имени генерала армии И.К. Яковлева Министерства внутренних дел Российской Федерации»	
2570	353911, г. Новороссийск, Сухумийское шоссе, 12 км	6	4BF2C8F8552F66CB488F7F7FC445D46E	Федеральная служба по надзору в сфере образования и науки	D2E09540048B004B62035D3E17280594	18.10.2010	Новороссийский филиал федерального государственного образовательного учреждения высшего профессионального образования «Краснодарский университет Министерства внутренних дел Российской Федерации» (Новороссийский филиал Краснодарского университета МВД Росси	
2112	350005, Краснодарский край, г. Краснодар, ул. Ярославская, д. 128	7	4BF2C8F8552F66CB488F7F7FC445D46E	Федеральная служба по надзору в сфере образования и науки	1748F2313B942A0D00913EE9FD74EB81	22.07.2010	федеральное государственное образовательное учреждение высшего профессионального образования «Краснодарский университет Министерства внутренних дел Российской Федерации»	
1541	302027, г. Орел, ул. Игнатова, д. 2	4	0CE0BBCDFECDA3C098D4866076F55C93	Федеральная служба по надзору в сфере образования и науки	CFB0F32E5BDD74B7100AD8BF6A815BDF	23.06.2011	федеральное государственное  образовательное учреждение высшего профессионального образования «Орловский юридический институт Министерства внутренних дел Российской Федерации»	ОрЮИ МВД России
141		1.1	6AAA4F36F7E92E5AE66903BF814F1187	Федеральная служба по надзору в сфере образования и науки	C0BA11A91E68979506978E6FA1795026	27.01.2011	федеральное государственное казенное образовательное учреждение высшего профессионального образования «Уфимский юридический институт Министерства внутренних дел Российской Федерации»	
429-06	603600, Нижегородская область, г. Нижний Новгород, ГСП-268, Анкудиновское шоссе, д. 3	1.1	7219C2D2A9749B89454277F6865FD04B	Федеральная служба по надзору в сфере образования и науки	F368FFE8AA6A9542E448C7734006E357	15.02.2011	федеральное государственное образовательное учреждение высшего профессионального образования «Нижегородская академия Министерства внутренних дел Российской Федерации»	
429-06	426021, Удмуртская Республика, г. Ижевск, городок Машиностроителей, д. 116	2.1	7219C2D2A9749B89454277F6865FD04B	Федеральная служба по надзору в сфере образования и науки	0CAC4FB7A3821EFAAFD291F924BA4076	15.02.2011	Ижевский филиал федерального государственного образовательного учреждения высшего профессионального образования «Нижегородская академия Министерства внутренних дел Российской Федерации»	
429-06	614038, г. Пермь, ул. Академика Веденеева, д. 100	3.1	7219C2D2A9749B89454277F6865FD04B	Федеральная служба по надзору в сфере образования и науки	59B17DA7A4CE669B47BAC194F04B3194	15.02.2011	Пермский филиал федерального государственного образовательного учреждения высшего профессионального образования «Нижегородская академия Министерства внутренних дел Российской Федерации» (Пермский филиал Нижегородской академии МВД России)	
429-06	428000, г. Чебоксары, ул. Шевченко, д. 23	4.1	7219C2D2A9749B89454277F6865FD04B	Федеральная служба по надзору в сфере образования и науки	AEBC804F0EE57E695D92077FB3D3CC66	15.02.2011	Чебоксарский филиал федерального государственного образовательного учреждения высшего профессионального образования «Нижегородская академия Министерства внутренних дел Российской Федерации» (Чебоксарский филиал Нижегородской академиии МВД России)	
414	302027, Орловская область, г. Орел, ул. Игнатова, д. 2	2	0CE0BBCDFECDA3C098D4866076F55C93	Федеральная служба по надзору в сфере образования и науки	1F6820374AE9299DD8776979AF63EADA	25.02.2011	Федеральное государственное образовательное учреждение высшего профессионального образования «Орловский юридический институт Министерства внутренних дел Российской Федерации»	
419	302027, Орловская область, г. Орел, ул. Игнатова, д. 2	3	0CE0BBCDFECDA3C098D4866076F55C93	Федеральная служба по надзору в сфере образования и науки	56D75683E40B6B85EB9C9AD5183E93D3	25.02.2011	Федеральное государственное образовательное учреждение высшего профессионального образования «Орловский юридический институт Министерства внутренних дел Российской Федерации»	
449	123995, Москва, Г-69 ГСП-5, ул. Поварская, д. 25	2	72412A066230B0D8CC69DE29BA498092	Федеральная служба по надзору в сфере образования и науки	A1E0476E9C621C5A23693DACA6CD127F	01.03.2011	федеральное государственное казенное учреждение  «Всероссийский научно-исследовательский институт Министерства внутренних дел Российской Федерации»	ФГКУ «ВНИИ МВД России»
491	655012, Республика Хакасия, г. Абакан, ул. Хакасская, д. 6	2	6C470410F78DC0C30FFF55389DE05A4F	Федеральная служба по надзору в сфере образования и науки	8572F463108DAAFD2B40A51227F16126	02.03.2011	Абаканский филиал заочного обучения Сибирского юридического института Министерства внутренних дел Российской Федерации	
598	394065, Воронежская область, г. Воронеж, просп. Патриотов, д. 53	3	051A9B1D12CFA1B314E4D1B6B39F9427	Федеральная служба по надзору в сфере образования и науки	C0F1F3EB03EFE8B16EEED344DF3A76A3	14.03.2011	федеральное государственное образовательное учреждение высшего профессионального образования «Воронежский институт Министерства внутренних дел Российской Федерации»	
703	308034, г. Белгород, ул. Горького, д. 71	1.2	7A0F14A906D66F9E65C93A8747DCF651	Федеральная служба по надзору в сфере образования и науки	87EB78FA5761D0FF59EE28DEB6830B82	23.03.2011	Государственное образовательное учреждение высшего профессионального образования «Белгородский юридический институт Министерства внутренних дел  Российской Федерации»	Белгородский юридический институт МВД России
775	603600, Нижегородская область, г. Нижний Новгород, ГСП-268, Анкудиновское шоссе, д. 3	1.2	7219C2D2A9749B89454277F6865FD04B	Федеральная служба по надзору в сфере образования и науки	029126B275FACC286FF266643A73C2BF	30.03.2011	федеральное государственное образовательное учреждение высшего профессионального образования «Нижегородская академия Министерства внутренних дел Российской Федерации»	
797	400089, Волгоградская область, г. Волгоград, ул. Историческая, д. 130	2	A670C2550B276113B5E45109F7E0F8A6	Федеральная служба по надзору в сфере образования и науки	FA40DA1165384A38FE4690B7C3A394C6	30.03.2011	федеральное государственное образовательное учреждение высшего профессионального образования «Волгоградская академия Министерства внутренних дел Российской Федерации»	
1257	630114, Новосибирская область, г. Новосибирск, ул. Ключ-Камышенское плато, д. 6/2	2.1	083BBD2AFF2D941E39A8B6B9AB9BA59D	Федеральная служба по надзору в сфере образования и науки	22627684D29CB53AC3BF35886326F51C	17.05.2011	федеральное государственное военное образовательное учреждение высшего профессионального образования «Новосибирский военный институт внутренних войск имени генерала армии И.К. Яковлева Министерства внутренних дел Российской Федерации»	
2910-06	117437, г. Москва, ул. Академика Волгина, д. 12	1.2	0313CB94E403DBE97473976887710A55	Федеральная служба по надзору в сфере образования и науки	DF2B414E100EBF074F3C262A9CAFD8E6	01.09.2011	федеральное государственное казенное образовательное учреждение высшего профессионального образования «Московский университет Министерства внутренних дел Российской Федерации»	Московский университет МВД России
1913-06	198206, г. Санкт-Петербург, ул. Летчика Пилютова, д. 1	1.1	2428FBEBF8C5B51A76F3554BD95876CD	Федеральная служба по надзору в сфере образования и науки	4F6BDDBBC4F8E588818567C1CC703B46	15.06.2011	федеральное государственное военное образовательное учреждение высшего профессионального образования «Санкт-Петербургский военный институт внутренних войск Министерства внутренних дел Российской Федерации»	Санкт-Петербургский военный институт внутренних войск МВД России
1476	198206, г. Санкт-Петербург, ул. Летчика Пилютова, д. 1	1.2	2428FBEBF8C5B51A76F3554BD95876CD	Федеральная служба по надзору в сфере образования и науки	CC2C710D38E981227CE8FA86B22E55B3	20.06.2011	федеральное государственное военное образовательное учреждение высшего профессионального образования «Санкт-Петербургский военный институт внутренних войск Министерства внутренних дел Российской Федерации»	Санкт-Петербургский военный институт внутренних войск МВД России
1239	129329, г. Москва, ул. Кольская, д. 2	2	10458FB445C383651CCE1467C5EF2393		652F3AAD8821669B4531C07CBC82C79C	17.05.2011	федеральное государственное  казенное образовательное учреждение высшего профессионального образования «Академия экономической безопасности Министерства внутренних дел Российской Федерации»	
1260	394065, г. Воронеж, проспект Патриотов, д. 53	4	051A9B1D12CFA1B314E4D1B6B39F9427		C6BAA731D47A9969D2423E2352CDE1EC	17.05.2011	федеральное государственное казенное образовательное учреждение высшего профессионального образования «Воронежский институт Министерства внутренних дел Российской Федерации»	
1257	630114, Россия, г. Новосибирск, ул. Ключ-Камышенское плато, д. 6/2	1.2	083BBD2AFF2D941E39A8B6B9AB9BA59D		41AE83CD443FEA029A3224A130AC2A36	17.05.2011	федеральное государственное военное образовательное учреждение высшего профессионального образования «Новосибирский военный институт внутренних войск имени генерала армии И.К. Яковлева Министерства внутренних дел Российской Федерации»	
1309	410023, г. Саратов, ул. Московская, д. 158	2	4AFD79767074F80504C46694CA1284CB		AB1A86416111CB6FC9024D2647F8FD17	18.05.2010	федеральное государственное военное образовательное учреждение высшего профессионального образования «Саратовский военный институт внутренних войск Министерства внутренних дел Российской Федерации»	
1389	350005, г. Краснодар, ул. Ярославская, д. 128	8	4BF2C8F8552F66CB488F7F7FC445D46E		EEC4170283E5B0BFD2CEE29C1B9390CB	06.06.2011	федеральное государственное образовательное учреждение высшего профессионального образования «Краснодарский университет Министерства внутренних дел Российской Федерации»	
1408	690087, г. Владивосток, ул. Котельникова, д. 21	2.2	B4B2A9BC4145FB560F2B49E01DEA4AE0		2D1FB9FBB89EC990B48965B1C2092E9F	06.06.2011	Владивостокский филиал федерального государственного образовательного учреждения высшего профессионального образования «Дальневосточный юридический институт Министерства внутренних дел Российской Федерации»	
2199-06	660131, г. Красноярск, ул. Рокоссовского, д. 20	1.1	169801862F1AB453690429A5CF0FE024	Федеральная служба по надзору в сфере образования и науки	16516586BB2922A167254F5F2BF2F453	06.07.2011	федеральное государственное казенное образовательное учреждение высшего профессионального образования «Сибирский юридический институт Министерства внутренних дел Российской Федерации (г. Красноярск)	ФГКОУ ВПО «СибЮИ МВД России»
1640	656038, Алтайский край, г. Барнаул, улица Чкалова, д. 49	2	984B415EF64863852D71850DB4953A58	Федеральная служба по надзору в сфере образования и науки	C9EFA806A036D3F6A707F24EA9362CB1	07.07.2011	федеральное государственное образовательное учреждение высшего профессионального образования «Барнаульский юридический институт Министерства внутренних дел Российской Федерации»	БЮИ МВД России
2275-06	302027, г. Орел, ул. Игнатова, д. 2	1.1	A31806E56DED73217B5779BF6E3D6D87	Федеральная служба по надзору в сфере образования и науки	A8804A83CBBA2BC8492E266A37B7DF7C	08.07.2011	Федеральное государственное казенное образовательное учреждение высшего профессионального образования «Орловский юридический институт Министерства внутренних дел Российской Федерации»	Орловский юридический институт МВД России
815	350005, г. Краснодар, ул. Ярославская, д. 128	1.2	B960ED913F4C27F1423AF437083D0505	Федеральная служба по надзору в сфере образования и науки	8EE62CDE20FB4F66A3B2A02B2ABCF583	21.06.2012	федеральное государственное казенное образовательное учреждение высшего профессионального образования «Краснодарский университет Министерства внутренних дел Российской Федерации»	Краснодарский университет МВД России, КрУ МВД России
1681	302027, г. Орел, ул. Игнатова, д. 2	1.2	A31806E56DED73217B5779BF6E3D6D87	Федеральная служба по надзору в сфере образования и науки	DEB5E78B2D35B8BB077C2ED03E493051	18.07.2011	федеральное государственное казенное образовательное учреждение высшего профессионального образования «Орловский юридический институт Министерства внутренних дел Российской Федерации»	Орловский юридический институт МВД России
1710	644092, Омская область, г. Омск, проспект Комарова, д. 7	3	30ACB53EDAA056FBB0CA01681CFE91F5	Федеральная служба по надзору в сфере образования и науки	EF4B760A49BCB1BF432508D652A6D980	20.07.2011	федеральное государственное образовательное учреждение высшего профессионального образования «Омская академия Министерства внутренних дел Российской Федерации»	Омская академия МВД России
1559-05	371000, Ленинский район, г. Грозный, ул. Мичурина, д. 189	1	7090D54721D0B0C74209473ABE703427	Федеральная служба по надзору в сфере образования и науки	45E59054CF0A2F597A10C3F30D0B3228	27.10.2006	Грозненский филиал федерального государственного образовательного учреждения высшего профессионального образования «Краснодарский университет Министерства внутренних дел Российской Федерации»	
1559-05	352900, Краснодарский край, г. Армавир, ул. Лавриненко, д. 1	1	F77B530A8EB2AFFA623F0DEE450A6E11	Федеральная служба по надзору в сфере образования и науки	42DC46C20B865E342F1977A5A51CBC04	27.10.2006	Армавирский филиал федерального государственного образовательного учреждения высшего профессионального образования «Краснодарский университет Министерства внутренних дел Российской Федерации»	
1559-05	354065, Краснодарский край, г. Сочи, ул. Чайковского, д. 49	1	44A559430183596C3146354233A81F03	Федеральная служба по надзору в сфере образования и науки	81D2F84A437AF11AF313BB0EDA033C2D	27.10.2006	Сочинский филиал федерального государственного образовательного учреждения высшего профессионального образования «Краснодарский университет Министерства внутренних дел Российской Федерации»	
2402	352900, Краснодарский край, г. Армавир, ул. Лавриненко, д. 1	2	F77B530A8EB2AFFA623F0DEE450A6E11	Федеральная служба по надзору в сфере образования и науки	BD04A935C5AA0696FD5F86DD86B4DCF7	20.11.2006	Армавирский филиал федерального государственного образовательного учреждения высшего профессионального образования «Краснодарский университет Министерства внутренних дел Российской Федерации»	
2436	308024, г. Белгород, ул. Горького, д. 71	1	ECF891CABE17593BEF35EA994021B470	Федеральная служба по надзору в сфере образования и науки	49D4C56D5E5E7C4F25F3970F389B9ED6	23.11.2006	Государственное образовательное учреждение высшего профессионального образования «Белгородский юридический институт Министерства внутренних дел  Российской Федерации»	Белгородский юридический институт МВД России
1794	352900, Краснодарский край, г. Армавир, ул. Лавриненко, д. 1	3	F77B530A8EB2AFFA623F0DEE450A6E11	Федеральная служба по надзору в сфере образования и науки	7A010FD143F2FA7176FE3AAFE80373F1	17.07.2007	Армавирский филиал федерального государственного образовательного учреждения высшего профессионального образования «Краснодарский университет Министерства внутренних дел Российской Федерации»	
1795	371000, Ленинский район, г. Грозный, ул. Мичурина, д. 189	2	7090D54721D0B0C74209473ABE703427	Федеральная служба по надзору в сфере образования и науки	7129EB344C7FAE03B5BB7F4925A86547	17.07.2007	Грозненский филиал федерального государственного образовательного учреждения высшего профессионального образования «Краснодарский университет Министерства внутренних дел Российской Федерации»	
30	308024, г. Белгород, ул. Горького, д. 71	2	ECF891CABE17593BEF35EA994021B470	Федеральная служба по надзору в сфере образования и науки	4E66DD780AE70AD33EE3A8C8A5BCC175	21.12.1994	Государственное образовательное учреждение высшего профессионального образования «Белгородский юридический институт Министерства внутренних дел  Российской Федерации»	Белгородский юридический институт МВД России
2427-06	450091, Республика Башкортостан, г. Уфа, ул. Муксинова, д. 2	1.1	418FCBF04296336AD4B0A59B98E9AD95	Федеральная служба по надзору в сфере образования и науки	C9EC860641492CDA5E266CF5C64E77B5	25.07.2011	федеральное государственное казенное  образовательное учреждение высшего профессионального образования «Уфимский юридический институт Министерства внутренних дел Российской Федерации»	Уфимский юридический институт МВД России
1796	614108, Пермский край, город Пермь, улица Гремячий Лог, дом 1	2	1B3811EAC73936F0715AB82E9795E202	Федеральная служба по надзору в сфере образования и науки	0E2E55922738F571BCF622B8BCF46355	01.08.2011	федеральное государственное военное образовательное учреждение высшего профессионального образования «Пермский военный институт внутренних войск Министерства внутренних дел Российской Федерации»	ПВИ ВВ МВД России
3879-06	614112, Пермский край, город Пермь, улица Гремячий Лог, дом 1	1.1	2F013B5162E800D6029596C34EEF7101	Федеральная служба по надзору в сфере образования и науки	955409ABA4129C161BD311BB7F155D08	29.11.2011	федеральное государственное казенное военное образовательное учреждение высшего профессионального образования «Пермский военный институт внутренних войск Министерства внутренних дел Российской Федерации»	Пермский военный институт внутренних войск МВД России, ПВИ ВВ МВД России
2785-06	603144, Нижегородская область, г. Нижний Новгород, Приокский район, Анкудиновское шоссе, д. 3	1.1	3C003C575CE86DCD5AA37926B1E9AAA9	Федеральная служба по надзору в сфере образования и науки	092E44BE5D3EB965060872ED97F570D1	24.08.2011	федеральное государственное казенное  образовательное учреждение высшего профессионального образования «Нижегородская академия Министерства внутренних дел Российской Федерации»	Нижегородская академия МВД России или НА МВД России
2663-06	129329, г. Москва, ул. Кольская, д. 2	1.1	EB7BF89386ED658A046F0519D90910CE	Федеральная служба по надзору в сфере образования и науки	49FC0BD01DC4B737EB75C253109680CE	15.08.2011	федеральное государственное  казенное образовательное учреждение высшего профессионального образования «Академия экономической безопасности Министерства внутренних дел Российской Федерации»	
2521-06	344015, г. Ростов-на-Дону, ул. Маршала Еременко, д. 83	1.1	CA6287B2C72156608DD516CB75170D4E	Федеральная служба по надзору в сфере образования и науки	2B47DB904F429B7AC60CD43CB5C481CC	05.08.2011	федеральное государственное казенное образовательное учреждение высшего профессионального образования «Ростовский юридический институт Министерства внутренних дел Российской Федерации»	ФГКОУ ВПО «РЮИ МВД России»
2591-06	394065, г. Воронеж, проспект Патриотов, д. 53	1.1	DE7BCBE88733C25740DDDD4D32167A60	Федеральная служба по надзору в сфере образования и науки	E637ABEFCD5AB6F2FBC85412B82FE7A2	09.08.2011	федеральное государственное казенное образовательное учреждение высшего профессионального образования «Воронежский институт Министерства внутренних дел Российской Федерации»	Воронежский институт МВД России
2597-06	308024, г. Белгород, ул. Горького, д. 71	1.1	4EB2418664B58C79B301D2E75D2355BA	Федеральная служба по надзору в сфере образования и науки	3457277CB19881949C5B4767F5E705A4	09.08.2011	федеральное государственное казенное образовательное учреждение высшего профессионального образования «Белгородский юридический институт Министерства внутренних дел Российской Федерации»	Белгородский юридический институт МВД России
2598-06	620057, г. Екатеринбург, ул. Корепина, д. 66	1.1	0C92C8F2B07F052A7915C10FAC9045E3	Федеральная служба по надзору в сфере образования и науки	B0638DB3653FAED79C312EAAD64C7446	09.08.2011	федеральное государственное казенное образовательное учреждение высшего профессионального образования «Уральский юридический институт Министерства внутренних дел Российской Федерации»	Уральский юридический институт МВД России
2631-06	664074, г. Иркутск, улица Лермонтова, д. 110	1.1	763217825B7E92E27776F8DEDD5E81B0	Федеральная служба по надзору в сфере образования и науки	5ABBDEDD26C19D2EF3B6549E4B24EB0B	10.08.2011	федеральное государственное казенное образовательное учреждение высшего профессионального образования «Восточно-Сибирский институт Министерства внутренних дел Российской Федерации»	ФГКОУ ВПО ВСИ МВД России
2632-06	236006, Калининградская область, г. Калининград, Московский проспект, д. 8	1.1	E8F01EE089D86817A4759239D005AFAB	Федеральная служба по надзору в сфере образования и науки	94606B46AFB2302F36D43188C283CABE	10.08.2011	Федеральное государственное казенное образовательное учреждение высшего профессионального образования «Калининградский юридический институт Министерства внутренних дел Российской Федерации»	Калининградский юридический институт МВД России
3907-06	644092, Омская область, г. Омск, проспект Комарова, д. 7	1.4	825E4AC70BA6FD2EFB148649324A73EC	Федеральная служба по надзору в сфере образования и науки	7E1BAE08A97A44604B3722EBFBF0ED26	19.10.2012	федеральное государственное казенное образовательное учреждение высшего профессионального образования «Омская академия Министерства внутренних дел Российской Федерации»	Омская академия МВД России или ОмА МВД России
2189-06	353911, Краснодарский край, г. Новороссийск, Сухумийское шоссе, д. 12 км	10	4BF2C8F8552F66CB488F7F7FC445D46E	Федеральная служба по надзору в сфере образования и науки	833C82DDEE7EE1663BC5630E64DF2AA7	06.07.2011	Новороссийский филиал федерального государственного образовательного учреждения высшего профессионального образования «Краснодарский университет Министерства внутренних дел Российской Федерации»	
2189-06	355000, Ставропольский край, г. Ставрополь, просп. Кулакова, д. 43	11	4BF2C8F8552F66CB488F7F7FC445D46E	Федеральная служба по надзору в сфере образования и науки	DC998360EA8C44375BD5CE52471B88C3	06.07.2011	Ставропольский филиал федерального государственного образовательного учреждения высшего профессионального образования «Краснодарский университет Министерства внутренних дел Российской Федерации»	
2517-06	644092, Омская область, г. Омск, проспект Комарова, д. 7	1.1	825E4AC70BA6FD2EFB148649324A73EC	Федеральная служба по надзору в сфере образования и науки	04E646B147CEF9596DC330D2533A4B3C	03.08.2011	федеральное государственное казенное образовательное учреждение высшего профессионального образования «Омская академия Министерства внутренних дел Российской Федерации»	Омская академия МВД России или ОмА МВД России
2586-06	644092, Омская область, г. Омск, проспект Комарова, д. 7	1.2	825E4AC70BA6FD2EFB148649324A73EC	Федеральная служба по надзору в сфере образования и науки	AF889A490D8530213D316B329BABDE53	09.08.2011	федеральное государственное казенное образовательное учреждение высшего профессионального образования «Омская академия Министерства внутренних дел Российской Федерации»	Омская академия МВД России или ОмА МВД России
2663-06	129329, г. Москва, ул. Кольская, д. 2	1.1	A02B860C208FC20A4050C8E0A879E9B6	Федеральная служба по надзору в сфере образования и науки	DDB1974DB2D7717818653C3EBABEA6CE	15.08.2011	федеральное государственное  казенное образовательное учреждение высшего профессионального образования «Академия экономической безопасности Министерства внутренних дел Российской Федерации»	Академия экономической безопасности МВД России; ФГКОУ ВПО АЭБ МВД России; АЭБ МВД России
2518-06	198206, г. Санкт-Петербург, ул. Летчика Пилютова, д. 1	1.1	3BA350311CC3BC3585BC0EA03298B27F	Федеральная служба по надзору в сфере образования и науки	B2EAA4C4A8C43C94CC5E21FAA1CDAB93	05.08.2011	федеральное государственное казенное  образовательное учреждение высшего профессионального образования «Санкт-Петербургский университет Министерства внутренних дел Российской Федерации»	Санкт-Петербургский университет МВД России
2731-06	400089, г. Волгоград, ул. Историческая, д. 130	1.1	6F1BA551E13274956F2926352062EEEF	Федеральная служба по надзору в сфере образования и науки	61AAFEA28D87ECB91AD8A28EAEDED7D9	18.08.2011	федеральное государственное казенное образовательное учреждение высшего профессионального образования «Волгоградская академия Министерства внутренних дел Российской Федерации»	ФГКОУ ВПО «Волгоградская академия МВД России»; Волгоградская академия МВД России; ВА МВД России
1884	644092, Омская область, г. Омск, проспект Комарова, д. 7	1.3	825E4AC70BA6FD2EFB148649324A73EC	Федеральная служба по надзору в сфере образования и науки	D52AE61B96F72672FD87B117843F841F	22.08.2011	федеральное государственное казенное образовательное учреждение высшего профессионального образования «Омская академия Министерства внутренних дел Российской Федерации»	Омская академия МВД России или ОмА МВД России
2773-06	117437, г. Москва, ул. Академика Волгина, д. 12	1.1	0313CB94E403DBE97473976887710A55	Федеральная служба по надзору в сфере образования и науки	B6F8BA5788A961892C2AA270CDDA27F8	23.08.2011	федеральное государственное казенное образовательное учреждение высшего профессионального образования «Московский университет Министерства внутренних дел Российской Федерации»	Московский университет МВД России
1915	690087, г. Владивосток, ул. Котельникова, д. 21	2.3	B4B2A9BC4145FB560F2B49E01DEA4AE0	Федеральная служба по надзору в сфере образования и науки	48E16C8B82FACBD5A4C551BB9E8B16D4	25.08.2011	Владивостокский филиал федерального государственного образовательного учреждения высшего профессионального образования «Дальневосточный юридический институт Министерства внутренних дел Российской Федерации»	ВФ ФГОУ ВПО «ДВЮИ МВД России»
2828-06	Российская Федерация, 680020, Хабаровский край, г. Хабаровск, пер. Казарменный, д. 15	1.2	4DED4236D19E1C6AA9E4898FD6B6072B	Федеральная служба по надзору в сфере образования и науки	046A8D3C9D498C4D3F2731FD1EC1B459	29.08.2011	федеральное государственное казенное образовательное учреждение высшего профессионального образования «Дальневосточный юридический институт Министерства внутренних дел Российской Федерации»	ФГКОУ ВПО ДВЮИ МВД России
2773-06	392008, г. Тамбов, ул. Советская, д. 187г	6.1	0313CB94E403DBE97473976887710A55	Федеральная служба по надзору в сфере образования и науки	E132FFBD08C9C1E2BB9DD30AAF322216	23.08.2011	Тамбовский филиал федерального государственного казенного образовательного учреждения высшего профессионального образования «Московский университет Министерства внутренних дел Российской Федерации»	Тамбовский филиал Московского университета МВД России
2773-06	170040, г. Тверь, ул. Кривичская, д. 12	7.1	0313CB94E403DBE97473976887710A55	Федеральная служба по надзору в сфере образования и науки	E42437DDE3B463F233F4AFF5A42E7581	23.08.2011	Тверской филиал федерального государственного казенного образовательного учреждения высшего профессионального образования «Московский университет Министерства внутренних дел Российской Федерации»	Тверской филиал Московского университета МВД России
2773-06	300041, г. Тула, проспект Ленина, д. 53	8.1	0313CB94E403DBE97473976887710A55	Федеральная служба по надзору в сфере образования и науки	AF654612631A2D69C8D2F066DE9DFF7B	23.08.2011	Тульский филиал федерального государственного казенного образовательного учреждения высшего профессионального образования «Московский университет Министерства внутренних дел Российской Федерации»	Тульский филиал Московского университета МВД России
2773-06	390046, г. Рязань, ул. Введенская, д. 106	4.1	0313CB94E403DBE97473976887710A55	Федеральная служба по надзору в сфере образования и науки	3570EFF7AE0AE52FA8844516C64F6200	23.08.2011	Рязанский филиал федерального государственного казенного образовательного учреждения высшего профессионального образования «Московский университет Министерства внутренних дел Российской Федерации»	Рязанский филиал Московского университета МВД России
2773-06	143100, Московская область, Рузский район, пос. Старотеряево	3.1	0313CB94E403DBE97473976887710A55	Федеральная служба по надзору в сфере образования и науки	82836B98C7617C9B40AA0715C36D8397	23.08.2011	Московский областной филиал федерального государственного казенного образовательного учреждения высшего профессионального образования «Московский университет Министерства внутренних дел Российской Федерации»	Московский областной филиал Московского университета МВД России
2773-06	214034,  г. Смоленск, ул. Куйбышева, д. 11	5.1	0313CB94E403DBE97473976887710A55	Федеральная служба по надзору в сфере образования и науки	39318E42C1B4582C7936A502A564AA56	23.08.2011	Смоленский филиал федерального государственного казенного образовательного учреждения высшего профессионального образования «Московский университет Министерства внутренних дел Российской Федерации»	Смоленский филиал Московского университета МВД России
2773-06	241050, г. Брянск, 2-й Советский переулок, д. 2а	2.1	0313CB94E403DBE97473976887710A55	Федеральная служба по надзору в сфере образования и науки	64097825F05A0F73139016517FA34C78	23.08.2011	Брянский филиал федерального государственного казенного образовательного учреждения высшего профессионального образования «Московский университет Министерства внутренних дел Российской Федерации»	Брянский филиал Московского университета МВД России
2890-06	656038, Алтайский край, г. Барнаул, улица Чкалова, д. 49	1.1	5B58C0A192166F42681A72A7E955BF24	Федеральная служба по надзору в сфере образования и науки	43ECE411ECA95FEA2576FE61761977D2	01.09.2011	федеральное государственное казенное образовательное учреждение высшего профессионального образования «Барнаульский юридический институт Министерства внутренних дел Российской Федерации»	Барнаульский юридический институт МВД России, БЮИ МВД России
2834-06	Российская Федерация, 680020, Хабаровский край, г. Хабаровск, пер. Казарменный, д. 15	1.1	4DED4236D19E1C6AA9E4898FD6B6072B	Федеральная служба по надзору в сфере образования и науки	D9EE8629FFEB22F361896AAB36465B95	29.08.2011	федеральное государственное казенное образовательное учреждение высшего профессионального образования «Дальневосточный юридический институт Министерства внутренних дел Российской Федерации»	ФКГОУ ВПО ДВЮИ МВД России
2834-06	690087, г. Владивосток, ул. Котельникова, д. 21	2.1	4DED4236D19E1C6AA9E4898FD6B6072B	Федеральная служба по надзору в сфере образования и науки	452744A37ED4B139496A103502238434	29.08.2011	Владивостокский филиал федерального государственного образовательного учреждения высшего профессионального образования «Дальневосточный юридический институт Министерства внутренних дел Российской Федерации»	ВФ ФГОУ ВПО «ДВЮИ МВД России»
2834-06	693022, Сахалинская область, г. Южно-Сахалинск, планировочный район Ново-Александровск, ул. Науки, д. 1б	3.1	4DED4236D19E1C6AA9E4898FD6B6072B	Федеральная служба по надзору в сфере образования и науки	5AD50BB0FA9DB3FF0535912BE2735C41	29.08.2011	Южно-Сахалинский филиал федерального государственного образовательного учреждения высшего профессионального образования «Дальневосточный юридический институт Министерства внутренних дел Российской Федерации»	
2834-06	677015, Республика Саха (Якутия), г. Якутск, ул. Якутская, д. 2	4.1	4DED4236D19E1C6AA9E4898FD6B6072B	Федеральная служба по надзору в сфере образования и науки	BB8E4ED9010A8792F30A3D5D494D4275	29.08.2011	Якутский филиал федерального государственного образовательного учреждения высшего профессионального образования «Дальневосточный юридический институт Министерства внутренних дел Российской Федерации»	
2891-06	656038, Алтайский край, г. Барнаул, улица Чкалова, д. 49	1.2	5B58C0A192166F42681A72A7E955BF24	Федеральная служба по надзору в сфере образования и науки	002E4B38E3C0F8A13BDEA8376748FD08	01.09.2011	федеральное государственное казенное образовательное учреждение высшего профессионального образования «Барнаульский юридический институт Министерства внутренних дел Российской Федерации»	Барнаульский юридический институт МВД России, БЮИ МВД России
2967-06	308024, г. Белгород, ул. Горького, д. 71	1.2	4EB2418664B58C79B301D2E75D2355BA	Федеральная служба по надзору в сфере образования и науки	2CEA9F477672D59CB988EA144531AF80	08.09.2011	федеральное государственное казенное образовательное учреждение высшего профессионального образования «Белгородский юридический институт Министерства внутренних дел Российской Федерации»	Белгородский юридический институт МВД России
2970-06	603144, Нижегородская область, г. Нижний Новгород, Приокский район, Анкудиновское шоссе, д. 3	1.2	3C003C575CE86DCD5AA37926B1E9AAA9	Федеральная служба по надзору в сфере образования и науки	44157BBFC9A52295D60921DE53B2AE24	08.09.2011	федеральное государственное казенное  образовательное учреждение высшего профессионального образования «Нижегородская академия Министерства внутренних дел Российской Федерации»	Нижегородская академия МВД России или НА МВД России
2910-06	143100, Московская область, Рузский район, пос. Старотеряево	3.2	0313CB94E403DBE97473976887710A55	Федеральная служба по надзору в сфере образования и науки	1E0B12E5CC81AAEA6540A00B161451B2	01.09.2011	Московский областной филиал федерального государственного казенного образовательного учреждения высшего профессионального образования «Московский университет Министерства внутренних дел Российской Федерации»	Московский областной филиал Московского университета МВД России
2910-06	390046, г. Рязань, ул. Введенская, д. 106	4.2	0313CB94E403DBE97473976887710A55	Федеральная служба по надзору в сфере образования и науки	E4D4A7073F15955C6467E74F291B7024	01.09.2011	Рязанский филиал федерального государственного казенного образовательного учреждения высшего профессионального образования «Московский университет Министерства внутренних дел Российской Федерации»	Рязанский филиал Московского университета МВД России
3131-06	420108, Республика Татарстан, г. Казань, ул. Магистральная, д. 35	1.1	4C49D118BC2995CAB8192AA97CB523E5	Федеральная служба по надзору в сфере образования и науки	2E215E311D9FAC51BA56AE6B96FA2CC6	29.09.2011	федеральное государственное казенное образовательное учреждение высшего профессионального образования «Казанский юридический институт Министерства внутренних дел Российской Федерации»	Казанский юридический институт  МВД России
3082-06	350005, г. Краснодар, ул. Ярославская, д. 128	1.1	B960ED913F4C27F1423AF437083D0505	Федеральная служба по надзору в сфере образования и науки	CD0199AF90BE8D7CFA2F3178AA338F56	27.09.2011	федеральное государственное казенное образовательное учреждение высшего профессионального образования «Краснодарский университет Министерства внутренних дел Российской Федерации»	Краснодарский университет МВД России, КрУ МВД России
3082-06	353911, г. Новороссийск, Сухумийское шоссе, 12 км	2.1	B960ED913F4C27F1423AF437083D0505	Федеральная служба по надзору в сфере образования и науки	B5CC060DEADB39A3C834FE21BA2FCD91	27.09.2011	Новороссийский филиал федерального государственного казенного образовательного учреждения высшего профессионального образования «Краснодарский университет Министерства внутренних дел Российской Федерации»	Новороссийский филиал Краснодарского университета МВД России, НвФ КрУ МВД России
3082-06	355000, Ставропольский край, г. Ставрополь, проспект Кулакова,  43	3.1	B960ED913F4C27F1423AF437083D0505	Федеральная служба по надзору в сфере образования и науки	86E9E109A4D203BC886A3215771F8CD6	27.09.2011	Ставропольский филиал федерального государственного казенного образовательного учреждения высшего профессионального образования «Краснодарский университет Министерства внутренних дел Российской Федерации»	Ставропольский филиал Краснодарского университета МВД России, СФ КрУ МВД России
3132-06	420108, Республика Татарстан, г. Казань, ул. Магистральная, д. 35	1.2	4C49D118BC2995CAB8192AA97CB523E5	Федеральная служба по надзору в сфере образования и науки	523325F300416E909EAE9B312A767959	29.09.2011	федеральное государственное казенное образовательное учреждение высшего профессионального образования «Казанский юридический институт Министерства внутренних дел Российской Федерации»	Казанский юридический институт  МВД России
3178-06	410023,  г. Саратов, ул. Московская, д. 158	1.1	8A6D328B97C0FC776A4547FC5CF7BC97	Федеральная служба по надзору в сфере образования и науки	39B4B20B97641A0D99CE47A377C40A52	05.10.2011	федеральное государственное казенное военное образовательное учреждение высшего профессионального образования «Саратовский военный институт внутренних войск Министерства внутренних дел Российской Федерации»	Саратовский военный институт внутренних войск МВД России, СВИ ВИ МВД России
3260-06	630114, Россия, г. Новосибирск, ул. Ключ-Камышенское плато, д. 6/2	1.1	59B76274CC517B6EECADC4C74CDC2A3D	Федеральная служба по надзору в сфере образования и науки	84C48B66004A04663447AF26464CD49D	11.10.2011	федеральное государственное казенное  военное образовательное учреждение высшего профессионального образования «Новосибирский военный институт внутренних войск имени генерала армии И.К. Яковлева Министерства внутренних дел Российской Федерации»	НВИ ВВ имени генерала армии И.К. Яковлева МВД России
1161-06	Российская Федерация, 680020, Хабаровский край, г. Хабаровск, пер. Казарменный, д. 15	1.3	4DED4236D19E1C6AA9E4898FD6B6072B	Федеральная служба по надзору в сфере образования и науки	D49030A4652434641789A5A3A95E64D2	20.03.2012	федеральное государственное казенное образовательное учреждение высшего профессионального образования «Дальневосточный юридический институт Министерства внутренних дел Российской Федерации»	ФГКОУ ВПО ДВЮИ МВД России
1909-06	400089, г. Волгоград, ул. Историческая, д. 130	1.4	6F1BA551E13274956F2926352062EEEF	Федеральная служба по надзору в сфере образования и науки	F9F312F83D0CF90FC4F3066B0641039A	26.04.2012	федеральное государственное казенное образовательное учреждение высшего профессионального образования «Волгоградская академия Министерства внутренних дел Российской Федерации»	ФГКОУ ВПО «Волгоградская академия МВД России»; Волгоградская академия МВД России; ВА МВД России
3850-06	344015, г. Ростов-на-Дону, ул. Маршала Еременко, д. 83	1.3	CA6287B2C72156608DD516CB75170D4E	Федеральная служба по надзору в сфере образования и науки	E168C341AD423BCB596118AE18A2644D	11.10.2012	федеральное государственное казенное образовательное учреждение высшего профессионального образования «Ростовский юридический институт Министерства внутренних дел Российской Федерации»	ФГКОУ ВПО «РЮИ МВД России»
3369-06	450103, Республика Башкортостан, г. Уфа, ул. Муксинова, д. 2	1.2	418FCBF04296336AD4B0A59B98E9AD95	Федеральная служба по надзору в сфере образования и науки	BCB83CC8D50A4E47A8B699FB213B17E8	17.10.2011	федеральное государственное казенное  образовательное учреждение высшего профессионального образования «Уфимский юридический институт Министерства внутренних дел Российской Федерации»	Уфимский юридический институт МВД России
937-06	198206, г. Санкт-Петербург, ул. Летчика Пилютова, д. 1	1.2	3BA350311CC3BC3585BC0EA03298B27F	Федеральная служба по надзору в сфере образования и науки	F1BD823942AF3F19A58B08FEC7C6A918	05.03.2012	федеральное государственное казенное  образовательное учреждение высшего профессионального образования «Санкт-Петербургский университет Министерства внутренних дел Российской Федерации»	Санкт-Петербургский университет МВД России
3884-06	625049, г. Тюмень, ул. Амурская, д. 75	1.1	7450CE37B3D2FE28E2A6B1AC9E304F38	Федеральная служба по надзору в сфере образования и науки	6EE54D54952BDE9E45BEFC2A7AA809BC	29.11.2011	федеральное государственное казенное образовательное учреждение дополнительного профессионального образования «Тюменский институт повышения квалификации сотрудников Министерства внутренних дел Российской Федерации»	ТИПК МВД России; ФГКОУ ДПО «ТИПК МВД России»
3494-06	125171, г. Москва, ул. Зои и Александра Космодемьянских, д. 8	1.1	E5F7C16B9FC8BAD086CBD0BD9FC8D9E7	Федеральная служба по надзору в сфере образования и науки	1E8DF8A9CC0A5AB0D82D02CCEADA5BD9	24.10.2011	федеральное государственное казенное образовательное учреждение высшего профессионального образования «Академия управления Министерства внутренних дел Российской Федерации»	Академия управления МВД России
3867-06	Российская Федерация, 360016, Кабардино-Балкарская Республика, г. Нальчик, ул. Мальбахова, 123	4.2	B960ED913F4C27F1423AF437083D0505	Федеральная служба по надзору в сфере образования и науки	279388F0C78164C48219A803253E3E22	15.10.2012	Северо-Кавказский институт повышения квалификации сотрудников МВД России (филиал) федерального государственного казенного  образовательного учреждения высшего профессионального образования «Краснодарский университет Министерства внутренних дел Российской Федерации»	Северо-Кавказский институт повышения квалификации (филиал) Краснодарского университета МВД России, СКИ(ф) КрУ МВД России
3594-06	400089, г. Волгоград, ул. Историческая, д. 130	1.2	6F1BA551E13274956F2926352062EEEF	Федеральная служба по надзору в сфере образования и науки	4790726641485B53BAFDA375FA4A1C72	07.11.2011	федеральное государственное казенное образовательное учреждение высшего профессионального образования «Волгоградская академия Министерства внутренних дел Российской Федерации»	ФГКОУ ВПО «Волгоградская академия МВД России»; Волгоградская академия МВД России; ВА МВД России
666	198206, г. Санкт-Петербург, ул. Летчика Пилютова, д. 1	1.1	5A563EB8650AE08092659BAEEF97C4D8		9E60FD0A900D6CCCB2DB69017E1B4FAA	17.03.2011	федеральное государственное казенное  образовательное учреждение высшего профессионального образования «Санкт-Петербургский университет Министерства внутренних дел Российской Федерации»	
4036-06	620057, г. Екатеринбург, ул. Корепина, д. 66	1.2	0C92C8F2B07F052A7915C10FAC9045E3	Федеральная служба по надзору в сфере образования и науки	2CC8D8FB93B6841E8472D47DD6010623	08.12.2011	федеральное государственное казенное образовательное учреждение высшего профессионального образования «Уральский юридический институт Министерства внутренних дел Российской Федерации»	Уральский юридический институт МВД России
4041-06	394065, г. Воронеж, проспект Патриотов, д. 53	1.2	DE7BCBE88733C25740DDDD4D32167A60	Федеральная служба по надзору в сфере образования и науки	14A88CBDDC8EA82E9DCDEE119BEFC738	08.12.2011	федеральное государственное казенное образовательное учреждение высшего профессионального образования «Воронежский институт Министерства внутренних дел Российской Федерации»	Воронежский институт МВД России
3757-06	308024, г. Белгород, ул. Горького, д. 71	1.3	B32EE5CD8D2F0DF22B4917E3C067DB2C	Федеральная служба по надзору в сфере образования и науки	6E51C2C8EBAE92A9740C6EB4921B38F4	01.10.2012	федеральное государственное казенное образовательное учреждение высшего профессионального образования «Белгородский юридический институт Министерства внутренних дел Российской Федерации»	Белгородский юридический институт МВД России
1797	344015, Ростовская область, г. Ростов-на-Дону, ул. Маршала Еременко, д. 83	2	F16FC6275EBFF9FD686F216B0A33F218	Федеральная служба по надзору в сфере образования и науки	54ECD59180EB1B94EA2DE21B55062486	01.08.2011	федеральное государственное казенное образовательное учреждение высшего профессионального образования «Ростовский юридический институт Министерства внутренних дел Российской Федерации»	ФГКОУ ВПО «РЮИ МВД России»
4453-06	344015, г. Ростов-на-Дону, ул. Маршала Еременко, д. 83	1.2	CA6287B2C72156608DD516CB75170D4E	Федеральная служба по надзору в сфере образования и науки	5C76AF57CB29522E305602DE50A3EEAF	26.12.2011	федеральное государственное казенное образовательное учреждение высшего профессионального образования «Ростовский юридический институт Министерства внутренних дел Российской Федерации»	ФГКОУ ВПО «РЮИ МВД России»
3759-06	302027, г. Орел, ул. Игнатова, д. 2	1.7	A31806E56DED73217B5779BF6E3D6D87	Федеральная служба по надзору в сфере образования и науки	E36AF147B5F58112CD1E594F28ACD2A4	01.10.2012	федеральное государственное казенное образовательное учреждение высшего профессионального образования «Орловский юридический институт Министерства внутренних дел Российской Федерации»	Орловский юридический институт МВД России
1162	400089, г. Волгоград, ул. Историческая, д. 130	1.5	6F1BA551E13274956F2926352062EEEF	Федеральная служба по надзору в сфере образования и науки	11367FF3FE478ACB82D9415A2D3F4BCD	03.09.2012	федеральное государственное казенное образовательное учреждение высшего профессионального образования «Волгоградская академия Министерства внутренних дел Российской Федерации»	ФГКОУ ВПО «Волгоградская академия МВД России»; Волгоградская академия МВД России; ВА МВД России
108	400089, г. Волгоград, ул. Историческая, д. 130	1.3	6F1BA551E13274956F2926352062EEEF	Федеральная служба по надзору в сфере образования и науки	540628D6E096B286B60A691E191287F5	02.02.2012	федеральное государственное казенное образовательное учреждение высшего профессионального образования «Волгоградская академия Министерства внутренних дел Российской Федерации»	ФГКОУ ВПО «Волгоградская академия МВД России»; Волгоградская академия МВД России; ВА МВД России
287	603144, Нижегородская область, г. Нижний Новгород, Приокский район, Анкудиновское шоссе, д. 3	1.3	3C003C575CE86DCD5AA37926B1E9AAA9	Федеральная служба по надзору в сфере образования и науки	001A881B14A8AB2AFB2E15103495CBCA	14.03.2012	федеральное государственное казенное  образовательное учреждение высшего профессионального образования «Нижегородская академия Министерства внутренних дел Российской Федерации»	Нижегородская академия МВД России или НА МВД России
708-06	308024, г. Белгород, ул. Горького, д. 71	1.3	4EB2418664B58C79B301D2E75D2355BA	Федеральная служба по надзору в сфере образования и науки	4F14888DDED697CAE8901FBA396BB905	22.02.2012	федеральное государственное казенное образовательное учреждение высшего профессионального образования «Белгородский юридический институт Министерства внутренних дел Российской Федерации»	Белгородский юридический институт МВД России
968-06	664074, г. Иркутск, улица Лермонтова, д. 110	1.2	763217825B7E92E27776F8DEDD5E81B0	Федеральная служба по надзору в сфере образования и науки	FC34D71034012A7B15EDA16938604906	07.03.2012	федеральное государственное казенное образовательное учреждение высшего профессионального образования «Восточно-Сибирский институт Министерства внутренних дел Российской Федерации»	ФГКОУ ВПО ВСИ МВД России
1760-06	Россия, 198206, г. Санкт-Петербург, ул. Летчика Пилютова, д. 1	1.1	4819A67BDD09B86031D94DA1DC0041C0	Федеральная служба по надзору в сфере образования и науки	A10BF5ED7B2FFF17CA96D61D9DC0B0B6	20.04.2012	Федеральное государственное казенное военное образовательное учреждение высшего профессионального образования «Санкт-Петербургский военный институт внутренних войск Министерства внутренних дел Российской Федерации»	Санкт-Петербургский военный институт внутренних войск МВД России
1412-06	302027, г. Орел, ул. Игнатова, д. 2	1.4	A31806E56DED73217B5779BF6E3D6D87	Федеральная служба по надзору в сфере образования и науки	A146214064EA84F9B5441B1C0C9C5895	05.04.2012	федеральное государственное казенное образовательное учреждение высшего профессионального образования «Орловский юридический институт Министерства внутренних дел Российской Федерации»	Орловский юридический институт МВД России
1355	644092, Омская область, г. Омск, проспект Комарова, д. 7	1.5	825E4AC70BA6FD2EFB148649324A73EC	Федеральная служба по надзору в сфере образования и науки	EABE576C155F2F710F4C29E2012D0446	01.11.2012	федеральное государственное казенное образовательное учреждение высшего профессионального образования «Омская академия Министерства внутренних дел Российской Федерации»	Омская академия МВД России или ОмА МВД России
4052-06	117437, г. Москва, ул. Академика Волгина, д. 12	1.3	0313CB94E403DBE97473976887710A55	Федеральная служба по надзору в сфере образования и науки	A220C1B9460D9EEB13E15292664652AD	01.11.2012	федеральное государственное казенное образовательное учреждение высшего профессионального образования «Московский университет Министерства внутренних дел Российской Федерации»	Московский университет МВД России
1915-06	Российская Федерация, 690087, Приморский край, г. Владивосток, ул. Котельникова, 21	2.2	4DED4236D19E1C6AA9E4898FD6B6072B	Федеральная служба по надзору в сфере образования и науки	1844C942DD1199E4CFAA9200E7865E20	26.04.2012	Владивостокский филиал федерального государственного казенного образовательного учреждения высшего профессионального образования «Дальневосточный юридический институт Министерства внутренних дел Российской Федерации»	Владивостокский филиал Дальневосточного юридического института МВД России
1916-06	Российская Федерация, 690087, Приморский край, г. Владивосток, ул. Котельникова, 21	2.3	4DED4236D19E1C6AA9E4898FD6B6072B	Федеральная служба по надзору в сфере образования и науки	8F109A96F970790CAC69D38E6C1302E2	26.04.2012	Владивостокский филиал федерального государственного казенного образовательного учреждения высшего профессионального образования «Дальневосточный юридический институт Министерства внутренних дел Российской Федерации»	Владивостокский филиал Дальневосточного юридического института МВД России
744	Российская Федерация, 690087, Приморский край, г. Владивосток, ул. Котельникова, 21	2.4	4DED4236D19E1C6AA9E4898FD6B6072B	Федеральная служба по надзору в сфере образования и науки	25E1B7B24CA2EC5E747CD902D740DCE4	06.06.2012	Владивостокский филиал федерального государственного казенного образовательного учреждения высшего профессионального образования «Дальневосточный юридический институт Министерства внутренних дел Российской Федерации»	Владивостокский филиал Дальневосточного юридического института МВД России
3171-06	308024, г. Белгород, ул. Горького, д. 71	1.1	B32EE5CD8D2F0DF22B4917E3C067DB2C	Федеральная служба по надзору в сфере образования и науки	0E8CEA64AC68992F0FA559CD730C900B	24.07.2012	федеральное государственное казенное образовательное учреждение высшего профессионального образования «Белгородский юридический институт Министерства внутренних дел Российской Федерации»	Белгородский юридический институт МВД России
717	603144, Нижегородская область, г. Нижний Новгород, Приокский район, Анкудиновское шоссе, д. 3	1.4	3C003C575CE86DCD5AA37926B1E9AAA9	Федеральная служба по надзору в сфере образования и науки	48ACAEB4B0AB7E8332234F0162A10542	06.06.2012	федеральное государственное казенное  образовательное учреждение высшего профессионального образования «Нижегородская академия Министерства внутренних дел Российской Федерации»	Нижегородская академия МВД России или НА МВД России
3156-06	350005, г. Краснодар, ул. Ярославская, д. 128	1.3	B960ED913F4C27F1423AF437083D0505	Федеральная служба по надзору в сфере образования и науки	CC549BFAF0F3A787A75215B1126EBC73	24.07.2012	федеральное государственное казенное образовательное учреждение высшего профессионального образования «Краснодарский университет Министерства внутренних дел Российской Федерации»	Краснодарский университет МВД России, КрУ МВД России
973	125171, г. Москва, ул. Зои и Александра Космодемьянских, д. 8	1.2	E5F7C16B9FC8BAD086CBD0BD9FC8D9E7	Федеральная служба по надзору в сфере образования и науки	42897EC2B1FBCCF411856B6C55D671F5	01.08.2012	федеральное государственное казенное образовательное учреждение высшего профессионального образования «Академия управления Министерства внутренних дел Российской Федерации»	Академия управления МВД России
972	302027, г. Орел, ул. Игнатова, д. 2	1.6	A31806E56DED73217B5779BF6E3D6D87	Федеральная служба по надзору в сфере образования и науки	9454E460575743B2E07F97994BCECB6C	01.08.2012	федеральное государственное казенное образовательное учреждение высшего профессионального образования «Орловский юридический институт Министерства внутренних дел Российской Федерации»	Орловский юридический институт МВД России
3813-06	Российская Федерация, 360016, Кабардино-Балкарская Республика, г. Нальчик, ул. Мальбахова, 123	4.1	B960ED913F4C27F1423AF437083D0505	Федеральная служба по надзору в сфере образования и науки	C6C884D7C870AD66388B0D2C71666055	08.10.2012	Северо-Кавказский институт повышения квалификации сотрудников МВД России (филиал) федерального государственного казенного  образовательного учреждения высшего профессионального образования «Краснодарский университет Министерства внутренних дел Российской Федерации»	Северо-Кавказский институт повышения квалификации (филиал) Краснодарского университета МВД России, СКИ(ф) КрУ МВД России
1065	198206, г. Санкт-Петербург, ул. Летчика Пилютова, д. 1	1.3	3BA350311CC3BC3585BC0EA03298B27F	Федеральная служба по надзору в сфере образования и науки	28E0CBBA9E4731750E99136634CBE042	16.08.2012	федеральное государственное казенное  образовательное учреждение высшего профессионального образования «Санкт-Петербургский университет Министерства внутренних дел Российской Федерации»	Санкт-Петербургский университет МВД России
3489-06	123995, г. Москва, ул. Поварская, д. 25	1.1	39739627F37DD2404257D79A5472DD94	Федеральная служба по надзору в сфере образования и науки	79DA77E826844C23C6369C0488443879	27.08.2012	федеральное государственное казенное учреждение  «Всероссийский научно-исследовательский институт Министерства внутренних дел Российской Федерации»	ФГКУ «ВНИИ МВД России»
1080	450091, Республика Башкортостан, г. Уфа, ул. Муксинова, д. 2	1.3	418FCBF04296336AD4B0A59B98E9AD95	Федеральная служба по надзору в сфере образования и науки	259B2EEE01915354EDE23CB02582F322	20.08.2012	федеральное государственное казенное  образовательное учреждение высшего профессионального образования «Уфимский юридический институт Министерства внутренних дел Российской Федерации»	Уфимский юридический институт МВД России
3451-06	620057, г. Екатеринбург, ул. Корепина, д. 66	1.3	0C92C8F2B07F052A7915C10FAC9045E3	Федеральная служба по надзору в сфере образования и науки	2FCB1C639F78762A9D36453DEDB4DD6C	20.08.2012	федеральное государственное казенное образовательное учреждение высшего профессионального образования «Уральский юридический институт Министерства внутренних дел Российской Федерации»	Уральский юридический институт МВД России
1086	664074, г. Иркутск, улица Лермонтова, д. 110	1.3	763217825B7E92E27776F8DEDD5E81B0	Федеральная служба по надзору в сфере образования и науки	3330CB223CA5CFA33D5C64A155433119	20.08.2012	федеральное государственное казенное образовательное учреждение высшего профессионального образования «Восточно-Сибирский институт Министерства внутренних дел Российской Федерации»	ФГКОУ ВПО ВСИ МВД России
1414	Российская Федерация, 680020, Хабаровский край, г. Хабаровск, пер. Казарменный, д. 15	1.4	4DED4236D19E1C6AA9E4898FD6B6072B	Федеральная служба по надзору в сфере образования и науки	849108C254FF0DAE350BD36A605CFDDD	19.11.2012	федеральное государственное казенное образовательное учреждение высшего профессионального образования «Дальневосточный юридический институт Министерства внутренних дел Российской Федерации»	ФГКОУ ВПО ДВЮИ МВД России
3533-06	195248, г. Санкт-Петербург, проспект Энергетиков, д. 27	1.1	124EBF492F68A9A9069463DD78FADF22	Федеральная служба по надзору в сфере образования и науки	5B20C82D6F3B5C8FFEF3222F8131CE40	31.08.2012	федеральное государственное казенное образовательное учреждение высшего профессионального образования «Институт Федеральной службы безопасности Российской Федерации (г. Санкт-Петербург)»	ФГКОУ Институт ФСБ России (г. Санкт-Петербург)
	123995, г. Москва, ул. Поварская, д. 25	1.2	39739627F37DD2404257D79A5472DD94	Федеральная служба по надзору в сфере образования и науки	9FB44CB743A89C966054E56A6AD5F717		федеральное государственное казенное учреждение  «Всероссийский научно-исследовательский институт Министерства внутренних дел Российской Федерации»	ФГКУ «ВНИИ МВД России»
	141401, Московская область, г. Химки, ул. Чкалова, д. 5	5.1	7DDFD5D3C7820AFF6DB5ED21D6A61672	Федеральная служба по надзору в сфере образования и науки	0B888F3300FFC741AA62E77B240CCE99	11.09.2012	филиал «Ракетно-космическая техника» федерального государственного бюджетного образовательного учреждения высшего профессионального образования «Московский авиационный институт (национальный исследовательский университет)» в г. Химки Московской области	филиал «РКТ» МАИ в г.  Химки Московской области
1251	350005, г. Краснодар, ул. Ярославская, д. 128	1.4	B960ED913F4C27F1423AF437083D0505	Федеральная служба по надзору в сфере образования и науки	A8DB937D0F3471B05C24FAF2D418E077	18.09.2012	федеральное государственное казенное образовательное учреждение высшего профессионального образования «Краснодарский университет Министерства внутренних дел Российской Федерации»	Краснодарский университет МВД России, КрУ МВД России
1252	394065, г. Воронеж, проспект Патриотов, д. 53	1.3	DE7BCBE88733C25740DDDD4D32167A60	Федеральная служба по надзору в сфере образования и науки	3ACF5C3D411DCD23905C7E7A306A8BBC	18.09.2012	федеральное государственное казенное образовательное учреждение высшего профессионального образования «Воронежский институт Министерства внутренних дел Российской Федерации»	Воронежский институт МВД России
1132	656038, Алтайский край, г. Барнаул, улица Чкалова, д. 49	1.3	5B58C0A192166F42681A72A7E955BF24	Федеральная служба по надзору в сфере образования и науки	D47CCB35F65F805189EF50BD16EC834E	31.08.2012	федеральное государственное казенное образовательное учреждение высшего профессионального образования «Барнаульский юридический институт Министерства внутренних дел Российской Федерации»	Барнаульский юридический институт МВД России, БЮИ МВД России
1133	308024, г. Белгород, ул. Горького, д. 71	1.2	B32EE5CD8D2F0DF22B4917E3C067DB2C	Федеральная служба по надзору в сфере образования и науки	491F7097B76586C57E9840505A43C620	31.08.2012	федеральное государственное казенное образовательное учреждение высшего профессионального образования «Белгородский юридический институт Министерства внутренних дел Российской Федерации»	Белгородский юридический институт МВД России
3874-06	Российская Федерация, 236006, Калининградская обл., г. Калининград, Генерала Галицкого, 30	2.1	0280EDD234FAE811DCE8B7C833EDFBA4	Федеральная служба по надзору в сфере образования и науки	902192F9F4E0064B9CA588ACCD9D22E5	16.10.2012	Калининградский филиал федерального государственного казенного  образовательного учреждения высшего профессионального образования «Санкт-Петербургский университет Министерства внутренних дел Российской Федерации»	Калининградский филиал Санкт-Петербургского университета МВД России
4056-06	620057, г. Екатеринбург, ул. Корепина, д. 66	1.4	0C92C8F2B07F052A7915C10FAC9045E3	Федеральная служба по надзору в сфере образования и науки	2C2171FA042E8EF7A865AC3D27FB6191	01.11.2012	федеральное государственное казенное образовательное учреждение высшего профессионального образования «Уральский юридический институт Министерства внутренних дел Российской Федерации»	Уральский юридический институт МВД России
